NOC,Year,Ath_Cnt
CHN,1992,427
CHN,2012,479
DEN,1920,246
DEN,1900,36
NED,1988,202
NED,1992,257
NED,1994,43
USA,1992,734
USA,1994,237
NED,1932,80
FIN,2002,165
FIN,1952,412
FIN,1980,125
FIN,2000,88
FIN,1996,105
FIN,1994,112
FIN,1912,233
FIN,1920,136
FIN,1924,136
FIN,2014,147
FIN,1948,215
NOR,1992,156
NOR,1994,159
NOR,1998,149
NOR,2002,166
NOR,2006,161
NOR,2008,102
ROU,2016,121
NOR,2000,115
NOR,2004,60
NOR,1960,55
NOR,1964,90
NOR,1920,267
NOR,1984,97
NED,1984,185
NOR,1968,43
NOR,1972,161
NED,1996,290
NED,2000,285
EST,1936,36
NOR,1912,263
FIN,1992,130
FRA,2012,426
NOR,1996,116
NOR,1952,101
NOR,1956,7
NOR,1992,79
EST,1998,48
EST,2002,51
NOR,1936,84
NOR,1948,97
NOR,1952,190
NOR,1960,50
NOR,1924,105
NOR,1928,79
MAR,2012,67
EST,2004,45
EST,2008,53
EST,1992,9
EST,1996,52
ESP,2016,363
FRA,1976,302
EGY,2000,103
IRI,1948,39
FRA,1956,16
BUL,1988,33
BUL,1924,31
BUL,1956,7
BUL,1960,183
ITA,2016,399
ESP,2008,355
CHA,1992,7
AZE,2016,69
SUD,1972,31
RUS,2008,600
RUS,2012,549
ARG,2000,165
CUB,2000,271
CUB,1992,196
BLR,2004,192
BLR,2008,237
FRA,2008,448
FRA,2016,512
ARG,2012,148
GRE,2004,499
CMR,2000,39
CMR,1968,5
TUR,1996,61
CHI,1924,18
ESP,1996,384
MEX,2000,98
CHI,1992,23
USA,2004,726
ESP,1976,7
ESP,1980,160
ESP,1984,257
URS,1964,91
URS,1980,574
CHI,1984,64
RUS,2004,593
ITA,2012,382
ITA,2008,459
FRA,2004,461
NCA,2004,6
NCA,1976,25
MEX,1968,446
HUN,1992,315
HUN,1936,335
NGR,1972,36
EGY,1920,22
EGY,1928,43
ITA,1936,349
CHA,1972,5
ALG,2012,39
ALG,2016,74
ITA,1988,117
ITA,1996,460
ITA,2000,457
ITA,1984,368
ITA,1992,431
ITA,1980,312
KUW,1976,21
KUW,1980,67
BRN,2016,33
PAK,1996,24
IRQ,1964,19
IRQ,2004,24
PAK,1992,28
UAR,1960,123
EGY,1964,83
LIB,1988,8
EGY,1952,196
PAK,2010,1
QAT,2004,15
PAK,2000,27
PAK,2004,26
PAK,2012,21
MAS,1984,27
IRI,2014,7
PAK,2008,22
IRI,2012,57
AZE,2008,44
AZE,2000,32
GER,1900,103
NED,2016,329
ITA,1964,93
ITA,1968,79
IRQ,2016,20
GRE,1906,484
CAN,1996,408
CAN,2000,422
IRL,2016,93
USA,1928,426
AUS,2008,570
RSA,2008,179
USA,2010,341
USA,2014,367
CAN,1976,85
CAN,2008,449
USA,2016,719
USA,1900,135
USA,2008,763
MAR,2008,49
EGY,2004,104
EGY,2012,132
EGY,2008,116
ERI,2008,11
EGY,2016,137
EGY,1992,83
EGY,1996,33
TAN,1964,4
TAN,1972,22
FRA,1952,408
KUW,1972,4
JOR,1984,15
SUD,1960,13
SUD,1968,7
EGY,1948,166
EGY,1976,26
EGY,1984,148
EGY,1972,26
TUN,1976,16
EGY,1988,59
LBA,1996,5
EGY,1936,66
SUD,2008,9
ALG,1980,63
ALG,1988,45
ALG,1992,45
ALG,2008,57
IRI,2016,67
BEL,2016,138
AUS,2012,514
QAT,1992,30
QAT,1996,13
DJI,1988,6
DJI,1992,8
USA,2000,764
USA,2012,689
AUS,2000,788
AUS,2004,601
PLE,2008,4
CAN,1984,572
IRI,1976,12
CMR,2012,32
COM,1996,4
CHA,1996,4
CMR,2016,22
KAZ,2016,123
BRU,2016,3
IRQ,1980,44
KUW,2000,30
MAS,1996,43
MAS,2000,55
MAS,1992,30
BRU,1996,1
BRU,2000,2
SUD,2000,3
IND,1928,24
IRQ,1960,28
KSA,1984,42
SYR,1980,71
MDV,1988,9
BRN,2000,4
BRN,1984,14
ETH,1972,40
MAS,1968,35
PAK,1960,53
PAK,1964,47
IRQ,2008,4
IRQ,2012,8
PAK,1948,44
UAE,1996,4
YAR,1988,8
PAK,1952,51
INA,2004,39
NGR,1968,46
URS,1972,531
PHI,1968,89
QAT,2008,20
IRQ,1992,8
UAE,1988,36
UAE,1984,11
KUW,1992,37
SGP,1992,37
SGP,1996,35
NGR,1988,86
AZE,1996,24
UZB,1996,95
UZB,2000,85
UZB,2012,56
UZB,2016,80
AZE,2004,37
AZE,2012,59
UAE,2012,26
KUW,1988,34
UZB,2004,79
KGZ,2008,22
KGZ,2012,15
TJK,2016,7
RUS,2016,406
TJK,2004,9
TJK,2008,16
TJK,2012,16
LBA,1980,38
EUN,1992,650
URS,1988,143
KGZ,2004,32
JPN,1936,325
JPN,1972,134
JPN,1976,87
JPN,1960,278
JPN,1992,392
JPN,1972,293
JPN,1988,412
JPN,1994,125
JPN,1968,456
JPN,1976,134
JPN,2000,363
JPN,2008,457
JPN,1996,448
JPN,1984,365
JPN,2004,414
CGO,1980,25
ETH,1992,24
CMR,1984,56
SUI,1924,126
SUI,1928,236
BRA,1972,104
BRA,1976,89
ESP,2004,423
GER,1928,399
USA,1924,459
CAN,1952,60
FRG,1976,452
FRG,1980,118
GDR,1972,454
CAN,2012,354
CAN,2016,405
GER,2008,558
ESP,2000,431
MON,1924,9
MON,1936,11
MON,1948,4
MON,1952,10
CUB,2012,118
ESP,1992,317
GER,2016,536
ISR,1960,46
USA,1904,1109
MEX,2016,139
URU,1948,79
ARG,1980,26
ESP,1988,25
ESP,1952,42
CMR,1996,19
ETH,2000,27
ETH,2016,38
ARG,1968,132
ARG,1972,123
ARG,1976,6
SWE,1912,714
SWE,1992,136
SWE,1988,98
SWE,1948,223
SWE,1952,355
ISV,1988,46
ISV,1992,34
ISV,1994,10
ISV,1998,9
ISV,2002,8
RSA,1956,90
ALG,1996,47
SUI,1952,76
ITA,1972,345
TUR,2004,74
TUR,2008,71
SRI,2000,24
SRI,2016,10
ARM,2016,34
CIV,1992,18
CIV,1996,13
CIV,2008,22
ESP,2012,339
FRA,1984,354
GDR,1988,402
TUN,1988,45
IRQ,1988,28
KAZ,2008,146
JPN,2012,399
KEN,2016,80
BUL,1976,254
BUL,1980,397
NGR,2012,58
NGR,2016,77
BEN,1980,17
BEN,1984,3
FRA,1998,159
BRA,2016,583
UKR,2002,111
UKR,2006,109
UKR,2010,95
GBR,1928,354
GBR,1936,250
USA,1932,743
NED,1976,175
GHA,1996,40
SOM,1972,4
LAT,1998,49
LAT,2014,82
AUS,2016,518
ESP,1988,29
LIB,1968,15
LIB,1972,36
SYR,2000,8
MAR,2000,55
NIG,1988,6
LBA,1988,7
ALG,1984,33
IRQ,1984,25
EGY,1968,35
LIB,1992,8
MLI,2004,21
AFG,1956,12
USA,1996,839
GER,1912,312
ROU,1936,118
HUN,1988,16
GER,1906,157
GBR,1976,71
GBR,1980,353
CHI,2016,47
SUI,2016,152
IND,1984,53
IND,1988,55
IND,1992,61
IND,1996,54
POL,1980,286
SWE,2000,198
SWE,2004,157
SWE,2008,169
FRA,1968,311
CRC,1984,32
PAN,1976,13
GBR,1920,345
GBR,1924,428
GBR,1906,113
GBR,1912,461
NOR,1988,115
NOR,1980,100
USA,1984,693
USA,1972,578
USA,1976,554
SWE,1972,101
SWE,1920,404
SWE,1960,258
SWE,1964,175
SWE,1928,30
GEO,2006,4
GEO,2010,9
GEO,2014,7
BLR,2016,142
UKR,2014,101
BLR,2010,95
BLR,2014,72
MAR,1992,45
GEO,1996,42
SLO,1996,47
GEO,1994,7
GEO,1998,6
URS,1960,414
RUS,1994,208
RUS,2006,283
RUS,2010,279
CRO,2006,46
GUY,2016,7
GUY,1988,8
NZL,1956,57
NZL,1960,47
GEO,2016,45
POR,1988,48
POR,1992,115
POR,1996,131
POR,2008,87
POR,2012,98
FRA,1996,453
BUL,1994,38
SUI,2012,126
GER,1994,184
POL,1992,263
POL,1998,79
POL,2002,54
POR,2016,106
CUB,1976,194
BRA,2004,318
POR,1968,33
PAR,1976,6
ANG,2008,33
BRA,1984,197
CUB,1980,288
VEN,1996,53
POR,1976,36
POR,1980,18
FRA,1988,413
COL,2012,120
COL,2016,157
DJI,2016,8
RUS,2000,602
ROU,1952,241
ETH,2012,34
USA,1988,156
GER,2002,259
FRG,1988,120
RUS,2002,240
IRI,2008,55
BAN,2008,5
JOR,2012,9
JOR,2016,8
PLE,1996,1
PLE,2012,5
JOR,2000,8
JOR,2004,8
KAZ,1996,142
SUD,2004,4
PLE,2004,3
CHN,2000,414
KEN,1988,88
NGR,2008,89
PER,1968,33
PER,1964,40
LBA,2004,8
SOM,2004,2
JPN,1964,73
PLE,2016,6
KSA,2016,11
MEX,1996,111
KUW,1984,31
MEX,2004,137
URS,1976,118
KAZ,2012,132
JOR,1988,9
TUR,1968,30
TUR,1948,87
TUR,1952,58
FRA,1972,356
ROU,2008,172
ITA,1948,310
SUI,1994,106
SUI,1998,118
SUI,1988,126
SUI,1992,129
SUI,2002,167
ITA,1908,97
CHI,1948,72
ESP,1920,111
CHI,1960,9
URU,1988,18
ESA,1968,104
PUR,1992,56
COL,1992,61
COL,1972,75
PER,1972,31
VEN,2008,126
MEX,1984,155
GBR,1968,328
GBR,1972,433
PHI,1960,49
IND,2004,81
IND,2008,67
IND,2016,130
GBR,2012,684
FRA,1948,60
GER,2000,567
GHA,1964,40
GHA,2016,15
GHA,1992,41
SUI,1984,245
LIB,2010,6
UGA,1984,30
MAR,1988,29
MAR,1996,38
GBR,2000,415
GBR,2008,420
FRA,1900,1071
FRA,1924,636
ROU,2014,40
URS,1964,107
URS,1968,121
UGA,2012,16
UGA,1996,12
UGA,2000,13
TUN,2008,29
TUN,2012,87
BEL,1956,15
BEL,1960,150
NED,2012,222
CMR,1988,21
AUS,1956,19
CIV,1964,10
UGA,1988,30
BRA,1988,233
BEL,1924,234
NZL,1976,98
USA,1920,473
GBR,2004,360
GER,1996,626
GER,1998,217
GER,2006,263
NED,1968,158
BEL,1932,26
SLO,2000,90
MEX,1992,144
CUB,1972,201
HON,2016,23
MEX,1936,32
ARG,1960,116
ARG,1964,148
CHI,1936,56
ARG,2008,145
ECU,1984,15
MEX,2008,103
MEX,2012,119
ESA,2016,10
VEN,2016,105
ARG,1952,174
CUB,2008,171
VEN,1980,43
ARG,2016,232
URU,1952,42
GHA,1952,9
GHA,1968,36
GHA,1972,41
DEN,1948,253
DEN,1952,201
AUS,1960,38
CAN,2006,305
CAN,2010,308
VEN,2012,85
URU,1972,20
MEX,1948,149
TKM,2016,9
HUN,1924,207
JPN,1932,33
JPN,1936,49
JPN,2016,436
JPN,2014,171
NZL,1984,162
TUR,2000,67
MRI,2008,11
USA,1936,487
MEX,1988,3
SEY,1992,21
TCH,1976,61
TCH,1980,251
GER,1908,148
GBR,1992,472
GBR,2002,70
GDR,1976,69
LUX,1912,44
GER,1936,581
FRA,1912,232
FRA,1948,433
HUN,1912,207
KEN,1984,67
KEN,1992,55
GER,2004,592
SUD,1996,4
MTN,1988,7
POL,1924,1
POL,1972,418
POL,1976,66
POL,1948,52
TCH,1988,226
TCH,1992,269
MEX,1960,110
CZE,1994,117
CZE,1998,119
GRE,1996,180
POL,1984,42
POL,1988,192
POL,2008,316
POL,2012,256
GER,1992,478
HUN,1952,345
IRI,1972,56
NIG,2012,6
BUL,1964,15
BUL,1968,189
POL,1928,28
SKN,2012,7
SKN,2016,9
AUS,1992,339
USA,1912,364
CAN,1952,154
GBR,1948,78
RSA,2000,161
GBR,1908,972
TTO,1976,20
TTO,1980,15
DOM,1984,24
CAN,1972,344
VIN,1988,6
CAN,1936,167
AUS,1976,12
GBR,1984,509
GBR,1988,78
PUR,1988,1
GBR,2016,478
AUS,1984,337
AUS,1988,20
AUS,1996,550
USA,1908,219
CAN,1928,113
CAN,1960,140
GBR,2014,78
FRG,1968,512
FRG,1972,587
SWE,1928,139
NZL,2004,184
NZL,2008,201
NZL,2012,204
NZL,2016,232
POL,1952,248
GER,2012,510
POL,1960,307
SWE,1980,201
JAM,1984,75
JAM,1988,49
GHA,2000,28
PHI,1988,42
SOM,1988,5
SOM,1996,4
TUR,2016,119
ESP,1948,84
TUR,1936,62
ALG,2000,51
BEL,1928,260
BEL,1936,205
BEL,1948,182
FRA,1992,486
FRA,1960,363
RSA,1992,141
GBR,1960,389
SUI,1920,126
GBR,1964,301
GHA,1960,15
LBR,2008,4
LBR,2012,3
GHA,1984,27
GHA,1988,21
GER,1992,193
GBR,1948,590
NGR,1984,36
NGR,1996,84
NGR,1992,72
SUR,1996,11
SUR,2000,5
PHI,1956,48
NED,1980,112
FRA,1928,422
FRA,1932,159
FRA,2014,201
ERI,2012,12
ERI,2016,12
SOM,2000,2
SOM,1984,9
BRA,2012,306
CMR,1972,18
ETH,1996,19
ETH,2008,29
GER,1952,365
UGA,2016,23
BRA,1952,119
NGR,1980,56
BRA,1964,65
USA,1980,155
NEP,2008,8
UGA,1972,35
ARM,2008,26
LBA,2000,3
BRA,1980,149
URU,1936,40
FRA,2000,470
MGL,2016,46
PHI,1932,8
PHI,1936,40
GER,2010,259
USA,1952,451
BRA,1992,233
GER,1960,425
AUT,1912,132
AUT,1924,56
GER,1964,110
RUS,1912,266
SWE,1936,231
SWE,1908,276
SWE,2012,168
SWE,1924,256
ETH,1960,15
NED,1924,246
NED,1928,384
SYR,1996,8
MAR,1960,111
MAR,1964,21
UGA,1960,16
CIV,1984,18
PLW,2000,5
TCH,1924,31
SUI,1964,129
PHI,1948,31
SWE,1992,251
SWE,1984,98
SWE,1976,163
LTU,2000,77
LTU,2004,70
SWE,1984,254
LTU,2016,80
HUN,1972,367
PHI,1972,79
MON,1984,8
PUR,1996,91
PUR,1964,45
PUR,1968,99
TOG,1972,7
BEL,1920,518
NAM,2016,11
INA,1984,23
INA,1988,43
BRA,1996,251
BRA,2000,236
AHO,1960,5
AHO,1972,2
NED,2004,264
NED,2008,283
BRA,2008,338
HUN,1996,315
ESP,1968,137
CHI,1952,82
MGL,1980,33
UKR,2004,357
UKR,2008,327
KAZ,2002,101
KGZ,2016,19
UKR,1996,351
UKR,2000,368
ISL,1984,35
ASA,2008,4
SUI,1948,287
SUI,1936,328
SUI,1988,79
SUI,2006,181
AUT,1972,143
BEL,1912,72
SUI,1976,101
BEL,2012,142
SUI,2014,219
BEL,2014,11
BEL,2008,112
SUI,1992,151
SUI,1972,265
SUI,1972,79
PUR,2016,41
RUS,1996,552
URS,1968,463
MAR,1984,35
MAS,2012,38
MAS,2016,42
ETH,2004,27
AFG,1936,#N/A
SUI,1924,39
SUI,1980,86
IRI,1988,26
TOG,2014,3
IRI,2000,34
SAM,2016,9
NGR,2000,100
ANG,2016,26
ROU,1976,255
RSA,2016,155
GRE,2000,175
GRE,2008,176
GRE,2012,115
GRE,2016,104
IRI,1992,44
IRI,1952,23
AFG,1948,25
PAK,1988,33
IRI,1964,12
ROU,2012,155
ROU,1984,193
TUR,2014,11
RWA,2012,7
ITA,2004,474
UZB,2006,4
CRO,1996,117
CRO,2000,108
DMA,2000,4
GBR,1976,70
DMA,1996,6
PAN,1968,16
SEY,1980,21
EGY,1924,30
ITA,1956,12
BEN,1972,3
BEN,1992,7
TOG,2012,6
FRA,1980,200
HAI,1988,5
HAI,1996,7
DEN,2000,124
NOR,2016,77
URS,1956,451
KEN,1960,30
KEN,1964,41
SWE,1960,72
DEN,1908,107
ALG,2004,71
ROU,1972,258
ARM,2004,19
IRI,1964,24
MLT,1980,12
MLT,1984,7
MLT,1988,6
MLT,2004,7
FRA,1994,169
FRA,1952,45
AUS,1948,103
AUS,1952,140
ITA,1964,58
LUX,1984,5
CAN,2014,359
ITA,1952,376
CUB,1948,112
TTO,1956,10
USA,2006,325
AUT,2008,93
HUN,1964,4
ITA,1928,273
ITA,1932,16
TUN,1996,52
ITA,2014,227
SEY,2008,10
FRG,1984,571
GRE,1976,40
PUR,1984,58
CYP,1984,12
DOM,2008,27
BEN,1996,7
ARG,1948,295
ARG,1988,134
CUB,1952,57
TOG,1988,6
ANG,2000,30
URU,1960,42
ARG,1984,115
GUI,1980,10
CUB,1996,178
CRC,1980,10
ESP,1964,67
PAN,1984,10
PAN,1992,7
CUB,2004,177
CRC,1968,27
MEX,1964,128
MEX,1924,28
MEX,1972,281
MEX,1976,137
BIZ,2004,2
CRC,1988,33
CHI,1988,12
CUB,2016,143
TTO,2002,3
CUB,1960,21
NCA,2008,7
PUR,2004,52
ARG,2006,17
MEX,1928,55
ARG,1992,111
ARG,1936,68
PAR,2008,7
PAR,2012,10
PAR,2016,11
ARG,1924,109
NCA,1992,9
NCA,1996,28
URU,2012,27
INA,2016,31
KEN,1996,54
GBR,1996,391
AUS,1964,392
COM,2008,3
COM,2012,3
MAR,2004,57
CMR,1980,29
NGR,1964,19
USA,1972,147
IRL,1948,83
USA,1984,156
TOG,1992,9
MAR,1968,25
IND,1948,89
FIN,1936,186
FIN,1932,27
DEN,1972,155
SWE,1998,146
SWE,2002,159
URU,1968,50
NED,1972,199
FIN,1928,132
USA,1948,424
FIN,1906,18
DEN,1928,122
SWE,1952,94
SWE,1932,128
NOR,1964,55
NOR,1984,132
SWE,1956,18
IND,1980,78
QAT,1984,26
MAS,1976,25
INA,2012,22
PAK,1968,15
MDV,2012,5
IRQ,1948,13
IND,1956,79
PAK,1984,33
IRQ,2000,4
IRQ,1996,3
PAK,1972,26
MDV,2000,4
YMD,1988,5
BAN,2016,7
KOR,1992,57
KOR,1994,45
KOR,1998,79
FRG,1984,120
FIN,1960,219
FIN,1968,151
FIN,1976,79
FIN,1988,101
FIN,2004,67
FIN,1998,132
FIN,2006,140
FIN,2010,146
FIN,1972,133
FIN,1976,83
BEN,2012,5
CIV,2012,10
CIV,2016,15
NAM,2008,11
NAM,2012,9
PER,1948,49
CHI,1956,7
LBA,1992,5
IND,2006,5
COL,1948,11
MEX,1956,36
EST,2012,36
TTO,2012,38
TTO,2016,43
CHN,2004,518
CHN,2016,499
ARG,1996,221
ARG,2004,179
SUI,1936,39
MTN,1992,6
MTN,1996,4
LTU,2012,72
AUT,1964,82
AUT,1968,59
JPN,1956,25
SWE,1988,126
FRA,1964,55
THA,1956,40
FRA,2002,176
RSA,1996,111
GBR,2010,78
ITA,1948,81
GBR,1932,170
NZL,2000,177
SGP,2016,32
MAR,2016,52
MAR,1984,7
PER,2000,22
BER,2004,10
BER,2008,6
ANZ,1908,48
KAZ,2004,130
UKR,2012,304
JPN,1980,80
JPN,1928,56
NGR,1952,15
NGR,1956,14
UGA,2004,11
SWE,2016,186
SCG,2000,125
SYR,1984,9
HUN,2000,238
HUN,2004,258
TUR,1988,51
CIV,2000,18
SLE,1980,32
JPN,1960,73
TUR,1924,23
TUR,1956,12
TUR,1960,58
TUR,1964,25
TUR,1972,50
VIN,2012,3
TUR,2012,119
TUR,1976,50
LTU,1928,13
SAM,2004,3
SAM,2008,7
AUS,1972,266
USA,1960,105
USA,1964,492
SWE,1968,186
CAN,1964,95
TUR,1984,62
UKR,2016,272
RUS,1998,197
CYP,2000,24
CYP,2004,21
CYP,2008,18
CYP,2012,13
IRI,2004,37
KAZ,2014,115
BLR,1996,259
KAZ,2000,158
GEO,2002,6
KGZ,2000,71
BAN,2000,6
BAN,2004,4
PNG,1996,17
JPN,1968,95
NGR,2004,79
UGA,1980,16
KEN,2008,47
MAR,1972,39
SUD,1984,9
TAN,1988,10
FIN,1984,107
IND,1964,49
TOG,1996,7
NGR,1960,15
GRE,1896,148
TUN,2016,65
AFG,1980,11
DEN,1996,145
LIB,1980,4
SYR,2004,6
KSA,1976,19
UAE,1992,36
YEM,2004,3
KUW,1996,27
IOA,2016,9
KSA,1996,34
KSA,2000,23
KSA,2004,16
OMA,1984,22
OMA,2016,4
KSA,1988,13
BRN,1992,15
KSA,2008,18
KSA,2012,23
OMA,1992,5
SYR,1992,9
KUW,2012,12
LIB,2004,5
QAT,2012,14
QAT,2000,19
QAT,2016,42
LIB,2000,6
KUW,2004,11
KUW,2008,8
KSA,1972,14
KSA,1992,17
SYR,1988,13
UAE,2004,5
UAE,2016,12
OMA,1988,13
BRN,2004,10
BRN,2008,15
SYR,2008,7
OMA,2008,4
BRN,1996,5
OMA,2000,8
OMA,2004,2
PLE,2000,2
BRN,1988,16
YEM,1992,8
BRN,2012,14
YEM,2008,8
YEM,2012,4
YAR,1984,3
OMA,2012,3
JOR,2008,7
JOR,1992,5
OMA,1996,5
YEM,1996,4
UAE,2008,9
QAT,1988,13
IRQ,1968,4
YEM,2000,2
UAE,2000,5
SUD,2012,6
JOR,1996,5
TUN,1960,56
FIN,2008,70
FIN,2012,69
BEL,1976,3
BEL,1980,149
TUR,1998,1
TUR,2002,5
MAS,1964,81
ITA,1912,96
FIJ,2012,9
BAN,1988,11
PAK,1956,79
BAN,1996,4
BEN,2004,4
FRA,1920,452
FIN,1964,74
MEX,1932,100
CRO,1992,12
NIG,2004,4
BEN,1988,10
FIN,1960,74
VAN,2012,5
IOA,1992,76
COL,1988,57
ITA,1968,256
BRA,1936,94
POL,1936,177
ITA,1976,69
ITA,1988,105
ITA,1994,193
ITA,1998,179
ESP,1960,238
ARG,1928,98
SWE,1996,233
HUN,1960,312
FRA,1908,319
AUT,1952,238
CAN,1992,503
CAN,1988,503
JAM,2008,66
JAM,2012,62
ITA,1960,58
ITA,1906,103
NED,1952,180
DEN,1994,9
DEN,2010,23
USA,1998,284
USA,2002,313
PER,1960,33
MDA,2016,23
CAN,2002,215
SUI,1960,221
AUT,2002,148
BUL,2010,41
SUI,1952,251
GDR,1980,87
SWE,1972,186
YUG,1976,95
ROU,1928,33
USA,1952,96
USA,1956,14
POR,1960,109
BAH,1952,7
BAH,1956,5
BAH,1960,14
BAH,1968,22
PER,1936,46
URU,1976,15
ITA,1924,291
MRI,2016,11
GBR,2006,54
GUA,1968,67
CUB,1968,227
GUA,2012,24
POR,1964,25
POR,1972,41
ROU,1952,25
ROU,1956,35
JAM,1980,32
CAN,1964,75
YUG,1972,212
YUG,1980,180
ROU,2000,252
CHI,1912,28
PUR,2012,28
DOM,1988,18
DOM,1996,16
LTU,1996,81
LTU,2008,78
BUL,2012,75
URS,1976,121
BUL,2016,58
BUL,1992,281
KGZ,1996,53
URS,1952,451
BUL,2004,119
BUL,2008,87
KAZ,2006,97
URS,1960,91
URS,1984,143
ARM,2012,31
LAT,2012,50
BLR,1998,107
URS,1988,152
ISR,1996,38
BLR,2000,231
SRB,2012,134
SRB,2016,127
BUL,1988,52
BUL,1992,72
BLR,2012,185
ESP,1928,106
ETH,1980,48
ETH,1964,19
ETH,1968,26
BRA,1968,89
PUR,1972,60
ITA,1960,402
BRA,1948,105
MON,2014,11
GER,1932,51
GRE,1988,72
TCH,1968,203
TCH,1972,274
GRE,1980,45
GRE,1984,73
IVB,2012,2
VIN,2008,2
VIN,2016,4
TTO,2000,29
TTO,2004,26
CAN,2004,391
ISL,1996,15
ISL,2000,29
ISL,2004,34
AUT,2016,85
GRE,1972,6
ARM,2002,17
ROU,1980,339
ROU,1968,100
GRE,1968,44
MOZ,1980,16
NIG,2016,6
COL,1976,44
COL,1980,28
CRC,2016,12
CHI,1928,46
ESA,2012,11
NED,1960,160
LUX,1928,107
SWE,2006,168
SWE,2010,172
SWE,2014,148
ISL,1976,30
BER,1988,14
BRA,1956,6
BRA,1960,86
SWE,1994,151
NCA,1980,6
NIG,2008,4
SUD,2016,6
CAF,2004,4
LBA,2008,6
MAD,2012,7
MAD,2016,6
CMR,2008,32
NIG,2000,4
PAK,2016,7
AUS,1980,274
MAL,1960,11
MAL,1956,34
MDV,2004,4
IND,1976,26
DJI,2012,4
DJI,1996,5
IRI,1960,24
DJI,2008,2
ALG,1972,7
CHA,2016,2
DJI,2000,2
BIH,2008,7
BIH,2016,11
GUM,2008,7
MDA,1996,50
INA,1972,7
URS,1980,129
CRO,2008,125
CRO,2012,118
PHI,1964,70
SAM,1988,11
SAM,1992,5
USA,1988,197
HUN,1968,319
PHI,2012,11
PHI,2016,13
PAK,1976,24
FRA,1936,34
CAY,2016,5
AUS,2006,45
GBR,1998,45
SVK,2000,132
BEL,1952,184
NIG,1984,4
GBR,1952,401
GBR,1956,35
FRA,1936,303
SUI,2004,138
SYR,2016,7
GUY,2000,4
AUS,1984,20
USA,1960,428
USA,1968,529
AUT,2004,92
CAN,1992,186
AUS,1960,280
JAM,2016,77
JAM,2000,65
JAM,2004,62
IND,1932,26
IND,1936,30
CAN,1972,85
IRL,1996,99
SUI,1948,99
DEN,1912,233
CAN,1976,109
BAR,2000,28
BAR,2004,15
BAR,1992,22
TTO,1996,16
TAN,1980,48
EST,2016,49
SEY,2012,6
SEY,2016,10
ITA,1920,291
BEL,1964,150
CIV,2004,5
GUM,1992,45
JAM,1972,51
JAM,1976,36
BAR,2008,10
BAR,2012,8
ECU,2012,36
ECU,2016,40
MEX,1952,85
URU,1964,29
PHI,1976,22
PHI,1992,38
HUN,1980,288
ARM,1994,2
HUN,1964,42
HUN,1968,21
HUN,1972,1
GBS,1996,3
ANG,2004,30
POR,2004,93
ANG,2012,35
NOR,1988,97
CAN,1904,61
CHI,2008,29
AUS,2010,49
AUS,2014,84
ISR,1972,17
FIN,1952,73
FIN,1948,45
FIN,1956,13
CUB,1924,13
ESP,1924,151
GUA,1984,53
RUS,2014,353
TUN,1984,28
NOR,2012,69
SUI,1956,80
MGL,1992,11
SUI,1968,155
AUS,1980,19
GER,2014,271
AUT,2014,213
AUT,1936,363
GBR,1952,35
YUG,1948,162
ROU,1996,284
ESP,1972,162
EST,1994,67
CRC,1976,10
PAR,1992,31
VEN,2000,65
VEN,2004,53
PUR,1976,112
CHI,2000,58
HON,2008,26
COL,2008,90
CRC,1992,20
ISV,1972,16
MEX,1980,74
MEX,1988,21
MEX,1992,34
ITA,1952,52
ITA,2006,290
ITA,1976,94
POR,1928,39
POR,1952,155
PER,1984,44
PER,1988,26
PER,1992,21
MAS,1988,17
NED,1964,13
LUX,1920,35
LUX,1924,122
FRA,2006,159
PUR,1992,6
PUR,1994,6
PUR,1998,7
CAF,1992,21
PAN,2016,14
ESA,1972,18
CRC,2012,11
THA,1984,40
MAS,1972,57
UZB,2008,69
GER,1956,18
JPN,1998,245
SLE,1992,15
SLE,1996,19
IOA,2000,4
TLS,2004,2
VEN,1960,54
ESP,1932,8
VEN,1952,63
COD,1996,14
GRE,1928,47
BAN,1992,9
GAB,2016,6
CAF,1984,3
CAF,1988,15
GDR,1980,407
AUT,2012,90
GER,1960,110
GER,1964,144
AUT,2000,114
POL,1968,296
YUG,1988,115
HUN,1976,1
SUI,2010,190
SUI,1984,79
NAM,2004,10
AUT,1948,239
INA,2000,54
BRA,1920,38
BRA,1932,67
SRI,1992,16
BAH,2000,39
BAH,2004,28
BAH,2008,33
BAH,2012,29
BAH,2016,38
VEN,1984,44
SMR,1992,15
SMR,1996,7
SMR,2000,4
SMR,2004,5
ISR,1952,31
LIB,1960,22
ISR,1984,65
ISR,1988,29
ISR,1992,44
MDV,1992,10
MDV,1996,9
ISR,2016,59
MAS,2008,42
IRI,1956,17
COD,1988,21
COD,1992,19
THA,2016,58
DEN,1956,12
LAO,1996,5
TAN,1984,21
FRA,2010,196
GHA,2008,9
GUY,1968,6
BER,1972,9
BOT,2012,4
BOT,2016,14
ROT,2016,12
DOM,1976,11
AUT,1992,96
GDR,1968,5
GHA,2012,7
KEN,1972,69
UGA,1964,19
NOR,1908,103
NOR,1976,114
BUL,1972,226
KOR,2016,263
KOR,1984,240
KOR,1988,38
KOR,1964,20
KOR,1948,48
KOR,1956,22
KOR,1968,240
KOR,1972,43
CAM,1964,15
PRK,1976,40
KOR,1992,551
KOR,1976,11
KOR,1996,417
KOR,1960,49
KOR,2008,329
KOR,2010,84
PRK,2008,66
PRK,2012,57
PRK,1992,15
PRK,1964,20
KOR,2004,344
KOR,2002,87
KOR,2006,85
CHN,2006,146
CHN,1998,88
CHN,2002,108
CHN,1996,438
MOZ,2000,4
GRE,1924,79
BRU,2004,1
SOL,1996,4
BLR,2002,123
BLR,2006,70
ROU,1956,25
ROU,1960,156
GRE,1992,76
GRE,1994,15
GRE,1998,16
YUG,1984,154
ECU,1968,41
CRO,2004,100
ARG,1960,14
AUT,1972,68
AUT,1900,26
DEN,1906,68
NOR,1928,34
DEN,1932,94
DEN,1936,173
DEN,1992,144
DEN,2016,143
DEN,1960,109
NOR,1900,29
NOR,1906,55
DEN,2004,115
DEN,1924,158
NOR,1968,107
NOR,1972,114
NOR,1948,75
DEN,1964,3
NOR,2010,190
DEN,1976,81
DEN,1968,71
DEN,2008,108
NOR,1936,47
DEN,2012,149
NOR,1976,81
DEN,1984,74
IRL,1964,35
GUM,1988,5
BIZ,1968,7
NZL,1988,9
NZL,1992,112
NZL,1996,129
CAN,1980,86
CAN,1998,208
GUA,1976,28
AUS,1968,224
CAN,1960,75
CAN,1984,91
CAN,1908,148
GBR,1900,146
LAT,1936,33
SWE,1948,70
SWE,1906,95
SWE,1936,38
RSA,1952,109
COL,2004,71
KEN,2012,51
GDR,1984,105
JPN,2006,190
JPN,2010,153
SEN,1972,40
COL,1960,23
CPV,1996,3
CPV,2016,5
URU,1924,40
URU,1928,17
ESP,1994,33
ESP,1998,24
HUN,1948,222
MRI,1984,7
POR,2000,64
NED,1948,187
ROU,2010,49
ROU,1964,156
ROU,1964,31
ROU,1988,172
POL,2016,289
LAT,2006,92
SUI,1928,43
CYP,1996,24
POR,1936,26
ISL,1992,42
ISV,1976,26
IRL,2012,76
MAD,1972,13
MAD,2004,8
MAD,2008,6
MAD,1980,18
GRE,1920,98
ROU,1992,306
LAT,1936,36
LUX,1960,117
CZE,2004,171
CZE,2000,162
TCH,1964,187
CAN,1968,194
MGL,2004,21
MGL,2012,32
AUT,1928,113
POL,1964,240
DOM,2016,30
IND,2000,70
LUX,1972,15
LUX,1948,115
LUX,1952,101
KEN,1956,31
ITA,2010,208
BUL,2014,47
BUL,1996,181
CRT,1906,93
PHI,2008,17
SGP,1984,14
SGP,1988,27
ARG,1984,37
BUL,1936,11
HON,1988,18
HON,1996,7
ITA,1936,48
GRE,2014,13
AUS,1924,29
BUL,2000,150
BUL,1964,19
BUL,1936,85
BUL,1952,179
ITA,1984,117
FRG,1988,155
IRL,1928,44
CHI,2006,15
YUG,1968,130
SLO,2012,78
AZE,1998,4
URS,1956,81
GHA,2004,29
LUX,1964,27
INA,1992,51
POR,1984,48
YUG,1964,123
TCH,1924,182
LAT,2010,81
YUG,1960,185
PUR,1952,23
BEL,1984,86
JPN,1932,10
SUD,1988,8
LTU,1924,13
AHO,1968,5
SUI,1996,172
SUI,2000,138
NZL,1964,88
NZL,1968,65
PLW,2012,5
BEL,1908,99
GEQ,1992,8
LIB,2006,7
HUN,2012,201
HUN,2016,204
ROU,1994,48
ROU,1998,29
ROU,2002,41
ROU,2006,53
BOL,1992,12
SAA,1952,93
IND,1952,94
GUY,1980,10
IND,1960,49
YUG,1956,9
IND,2012,95
KAZ,1998,114
AZE,2010,4
TCH,1956,161
POL,2014,149
ROU,2004,193
POL,1928,146
YUG,1928,86
JAM,1996,69
ITA,2002,198
AUT,1988,96
GRE,1912,77
FRG,1972,122
AND,2002,5
AND,2006,10
HUN,1908,107
TCH,1928,147
CZE,2008,158
CZE,2012,159
CZE,2016,135
EST,1924,47
POL,1952,42
IRI,1968,96
AFG,1964,8
GRE,1960,59
ITA,1972,69
CHN,2008,730
LAO,2004,5
JPN,1952,25
JPN,1952,133
LIB,1964,8
COL,1956,47
HUN,1906,99
BEN,2016,6
LAT,1992,40
ROU,1984,35
BRA,1998,1
BEL,1988,9
BEL,1992,85
BEL,1996,81
BEL,2000,94
AUT,1992,121
AUT,1948,84
ANT,1992,18
URU,2016,17
RSA,2012,145
LAT,1924,5
MLT,2000,7
DOM,1992,32
GUA,1988,37
CUB,1956,24
TKM,2008,10
LAT,2008,53
BOL,1992,8
BOL,1988,8
COL,1996,62
CHI,1996,24
COL,1968,70
COL,1964,40
COL,1984,48
KAZ,2010,100
ISL,1988,10
MOZ,1988,12
GRE,1936,64
GRE,1948,97
GRE,1952,54
CHI,2012,44
FRA,1960,55
FRA,1964,50
INA,1996,45
CAN,1968,111
NZL,1936,9
YUG,1924,15
GUY,1960,6
TTO,1968,25
TTO,1984,23
GBR,1936,40
NZL,1980,7
CAN,1906,4
NZL,1972,112
CAN,1932,31
IRL,2004,55
IRL,2008,63
PUR,1988,17
THA,2008,53
THA,2012,43
TCH,1920,182
LTU,2014,20
SUI,1960,40
THA,1964,67
LUX,1988,5
LUX,2000,9
LAT,2016,33
AND,1976,11
CYP,1980,15
GUA,2004,19
GUA,2008,13
ECU,1980,16
ESA,2008,14
NCA,1968,16
DOM,2012,36
PER,1996,33
ESP,1948,12
ESP,1952,11
ESP,1956,12
ESP,1960,12
AND,2016,4
ISR,1964,13
INA,1956,24
TUR,1928,40
CYP,1984,10
CYP,1988,11
CYP,1992,19
THA,1972,37
PER,2012,16
THA,1960,24
GRE,1984,13
GBS,2000,3
HAI,1924,16
ROU,1924,45
TTO,2008,35
TTO,1972,36
GBR,1988,95
GBR,1992,90
CAN,1924,85
IRL,1960,63
HUN,2008,216
ISL,1948,27
ISL,2008,31
ISL,2012,36
ISL,1984,10
IVB,1988,4
BRA,2002,10
BRA,2006,12
CAN,1956,7
AUT,1998,154
AUT,1906,100
ISL,1994,14
ISL,1998,12
AUS,1952,19
FIN,1908,94
ISR,2012,56
TUN,2000,47
FRA,1972,69
VEN,1976,56
AFG,1972,8
DOM,2004,33
CHI,2004,29
CRC,2004,21
BOL,1972,14
PUR,2008,31
ARG,2002,26
MRI,2012,11
LIB,1992,31
LIB,1984,30
LAT,1994,42
RSA,1948,43
MDA,2012,20
UKR,1998,104
CYP,2016,21
URS,1972,118
JPN,1964,85
ISR,2004,46
PAN,1972,8
GEO,2000,47
GEO,2004,39
KEN,1968,50
JPN,1956,26
BOL,1968,4
BOL,1984,13
BOL,1980,8
FRG,1968,137
GDR,1972,69
GDR,1976,97
AUT,1936,72
SUI,2008,116
ISL,2014,11
ISL,1948,8
ZIM,2004,14
FIJ,1984,26
FIJ,1988,26
NZL,1952,20
GRN,2004,5
SUR,1988,10
SUR,1992,9
NOR,2014,219
TUR,1992,54
TUR,1936,10
AUS,1956,17
ERI,2000,3
JPN,1928,10
CAN,1948,188
AUT,1994,130
LAT,2002,68
AUT,1952,74
AUT,1956,8
CAN,1994,149
GEQ,1996,8
PHI,1952,28
PHI,1984,32
THA,1968,46
THA,1976,62
SOL,1984,3
SOL,1992,1
CHI,1968,25
BUL,1952,19
BUL,1984,33
CMR,2004,19
TKM,1996,7
TKM,2000,8
TCH,1952,218
GUY,1972,4
COM,2016,4
BAR,1988,26
GUM,2012,8
RSA,1924,44
RSA,1928,40
HUN,1956,6
MLT,2008,6
LBA,2016,7
FRA,1984,57
SEN,1988,35
SEN,1992,25
HKG,2012,55
HKG,2008,47
HKG,2016,47
HKG,1988,91
HKG,1992,66
GAB,2012,21
ESP,2006,28
RSA,1960,72
CAN,1948,47
ITA,1980,74
AUT,1980,92
AUT,1984,130
LCA,2016,5
TCH,1936,293
MOZ,2016,8
TCH,1976,90
HAI,2008,7
MAD,2000,13
MRI,2000,26
FSM,2016,5
IVB,1996,11
SAM,1984,9
MYA,2012,6
EST,2000,41
SEY,2004,10
AUT,1960,198
AUT,1976,73
SCG,2004,96
PNG,1988,15
ESA,1988,7
ARG,1956,13
ISR,2000,58
ISR,2008,60
HON,1984,26
GUA,1992,41
MGL,1988,12
GRE,1972,66
ARM,1996,38
ARM,2000,26
MYA,1956,12
CIV,1988,29
KEN,2000,59
ISL,1972,30
LIB,1984,8
TUN,1964,12
TUN,1968,8
TUN,2004,64
TUR,2006,17
TUR,2010,9
MYA,1972,19
CIV,1972,13
CIV,1976,11
MAW,1984,23
MAW,1988,22
TOG,2016,5
GBR,1956,69
PER,1980,38
TUR,1976,19
AFG,1968,5
ARG,1932,47
JPN,2002,203
POR,1956,13
AFG,2004,5
AFG,2008,4
AFG,2012,6
ARM,2006,9
MAR,2010,2
SEN,2012,32
CHN,2014,109
MTN,2016,2
SEN,2008,17
SEN,1976,33
CHN,1984,323
YEM,2016,3
CAN,1936,41
SEN,1984,29
NED,1968,26
NED,1972,26
MGL,2000,23
SVK,2004,84
ZAM,1964,15
SVK,2010,107
SVK,2002,79
YUG,1992,60
BIH,1994,12
SLO,2004,102
CRO,2016,93
PNG,1992,19
IND,1972,43
COD,2004,6
SVK,2006,114
SVK,1994,67
SEY,1996,9
ITA,1924,24
POL,1972,66
POL,1976,93
LIB,2012,10
AUS,1936,39
FIN,1928,27
USA,1936,74
USA,1906,81
HUN,1932,16
USA,1928,45
SEN,1980,39
SEN,2004,21
MGL,1992,32
HUN,1928,219
MGL,2008,31
RHO,1960,12
KOR,1984,38
KOR,1988,56
KOR,2000,359
KOR,2012,312
BEL,1968,106
BEL,1972,106
PUR,1960,29
MLI,1968,2
MLI,2008,17
LTU,1992,4
CAN,1932,53
GAB,2008,4
GUI,1988,7
GUI,1992,11
GUI,2000,6
ECU,2008,26
MAR,1976,9
MAS,2004,38
ETH,1956,30
TPE,1996,107
STP,1996,2
NEP,2004,6
GER,1932,23
GER,1936,67
TTO,1964,18
ANT,2004,5
ANT,2008,5
ANT,2012,4
ANT,2016,9
UKR,1994,60
YUG,1984,115
SVK,1998,64
SVK,2014,115
CGO,1996,5
CGO,2000,5
CGO,2004,5
CGO,2008,5
CGO,2012,7
YUG,1952,194
USA,1948,97
CAY,1988,12
CZE,2010,172
CZE,2014,179
CZE,1996,169
AFG,2016,3
MGL,1972,44
MGL,1976,33
POL,2004,224
NED,1936,227
COD,1984,9
YUG,1936,173
MKD,2016,6
SYR,1968,2
MDA,2010,11
CZE,2002,163
CZE,2006,170
HUN,1936,29
SVK,2016,63
SVK,1996,98
TCH,1932,28
TCH,1948,153
POL,2000,240
MGL,1964,40
BOL,2012,5
PER,1956,10
BOH,1912,142
GRE,2002,17
IRL,1968,57
IRL,1972,84
NOR,1932,8
VIN,1996,12
VIN,2000,4
FRA,1928,47
HUN,1998,24
HUN,2002,46
BOT,1996,7
BOT,1984,8
BOT,2008,11
TCH,1948,74
TCH,1952,27
ZIM,1988,47
TGA,2014,1
TOG,2000,3
ARG,2014,20
IRI,1968,12
IRI,1972,12
ZAM,1980,43
ZIM,2008,16
DEN,1980,60
ITA,1900,36
GUI,2016,5
GUI,1968,15
SLE,2004,2
GRE,1908,49
DEN,1988,130
GUM,1988,1
IND,1920,7
KAZ,1994,71
MON,2012,6
LIE,1972,12
CHN,1936,65
CHN,1980,38
CHN,1984,70
VEN,1972,33
LCA,1996,8
ISR,1976,34
ISR,1968,39
HON,1968,6
ECU,2000,11
CHI,2010,10
CHI,2014,14
HON,2004,5
POL,1996,207
POL,1956,118
BEL,1900,100
KEN,2004,46
PUR,1948,9
CAY,1992,13
CAY,1996,9
FIJ,2016,53
SYR,2012,10
LIB,2016,9
SEY,2000,9
GBR,1980,76
GBR,1984,78
ZIM,1964,33
AND,1996,8
AUS,1994,47
AUS,1998,34
HUN,1928,16
BER,1948,28
BER,1952,12
FRA,1906,174
URU,1996,15
URU,2000,17
PAR,2004,22
LTU,1998,18
LTU,2002,21
GEQ,2000,4
GUA,1952,35
MNE,2012,34
MNE,2016,35
IVB,1984,13
AUS,1906,10
RSA,2004,128
COD,1968,8
ANT,1996,19
ANT,2000,4
CHI,1972,13
CRC,1964,2
GUY,1984,12
MON,1920,7
MON,1928,12
MON,1968,2
MON,1972,5
MON,1976,10
CHI,2002,11
POR,1948,65
PER,2008,13
IRL,1924,60
BAH,1972,25
CUB,1928,1
IRL,2010,7
GUA,2016,25
ISV,2008,8
GUI,2008,5
IRL,1956,12
GUI,2012,4
SVK,2008,67
SVK,2012,65
GBR,1972,71
HUN,1960,4
LUX,1956,27
GRN,1984,6
GRN,2008,9
ANG,1988,33
TCH,1932,17
RSA,1932,20
TCH,1972,61
POL,1932,28
PNG,2016,8
AUS,1932,20
NZL,2014,18
GUY,2012,6
CHI,1920,2
BOT,2004,12
TKM,2004,10
BOT,2000,9
NEP,1988,20
NEP,1980,10
ZIM,2016,31
GAM,2016,4
SKN,1996,14
SKN,2000,4
CGO,1972,8
BEL,1936,37
SLO,2016,70
MGL,1994,2
BAR,1972,20
SCG,1996,79
BUL,1998,34
BUL,2002,54
PAN,1996,9
PAN,2000,7
LIE,1988,19
COM,2000,2
MON,1960,13
MON,1988,9
MON,1964,1
GBR,1896,25
SMR,1976,10
MGL,1998,3
MGL,2002,4
AUT,1996,92
GER,1928,51
SLO,2006,96
SLO,2010,107
SLO,2014,116
HUN,1900,34
TCH,1960,202
BEL,1948,19
SUI,1896,8
PAR,1996,7
AUT,2010,132
LAT,1928,24
LAT,1932,13
SOL,1988,5
BEL,1928,26
MYA,1964,12
MGL,1968,38
MGL,1996,18
UGA,2008,11
BAR,1984,25
TAN,2008,9
TAN,2000,4
TAN,2004,9
BUL,2006,44
TKM,2012,10
BER,1996,10
AUS,2002,41
CAN,1912,60
CAN,1920,85
LCA,2008,4
LCA,2012,4
AUS,1920,29
YUG,1936,24
BOL,1988,5
COL,2000,54
LIB,1948,9
BOH,1908,142
BIH,1998,12
BIH,2002,4
LIE,1968,3
LIE,1948,16
LIE,1956,14
LIE,1976,9
LIE,1988,36
NED,2002,49
NED,1908,218
NZL,2006,18
JAM,1948,26
BAR,2016,13
TCH,1980,74
TCH,1984,79
COK,2016,9
GEO,2008,38
MRI,1996,36
ISV,2000,12
NED,1920,213
ALB,2008,12
ALB,2012,10
ARG,1994,20
TUN,1972,37
TCH,1936,61
BOL,1984,5
AHO,1984,13
YUG,1956,36
GBR,1994,51
RSA,1920,97
ISR,2002,7
BIZ,1988,13
HON,1992,27
IRL,2014,8
NZL,1998,9
ISV,1996,14
SLE,2000,3
LAT,2000,60
BER,1936,9
BER,1968,6
BER,1976,20
CGO,1984,13
CGO,1988,10
TUN,1992,15
ARG,1952,21
MLT,1936,11
HUN,2010,32
YUG,1988,49
ISL,1960,10
ISL,1964,5
ISL,1968,16
HON,2012,25
NAM,1996,10
ESA,1996,10
GUM,1996,9
SLE,1984,10
ANT,1984,27
WIF,1960,20
RSA,1936,54
FIJ,1956,5
ALG,2006,3
YUG,1972,31
HUN,2014,37
HUN,1952,21
HUN,1992,62
HUN,1994,28
SLO,1992,47
NED,2014,82
LAT,1996,55
BEL,2004,70
FIN,1964,87
PAR,1984,18
IRL,1992,78
SAM,2012,9
ROU,1928,10
POR,1924,47
AND,2000,5
AND,2004,6
AND,2008,5
AND,2012,6
VEN,1956,6
GRN,2012,8
POR,1988,8
ITA,1928,16
MON,2000,4
ISV,1984,52
DOM,1972,5
PER,1932,3
SMR,1988,6
HAI,2004,8
YUG,1948,30
YUG,1928,8
AND,1992,8
MON,1992,4
MON,1994,7
MON,1998,6
HUN,1948,43
CUB,1964,76
SUI,1900,52
NED,1906,49
AUT,1960,42
MAD,1984,5
MLT,2016,8
MLT,1972,5
NEP,2016,7
SWZ,2000,6
BUR,1972,1
DEN,1998,19
DEN,2002,11
POL,2010,106
POL,1960,28
AUT,2006,132
GER,1952,77
AUS,1988,36
CAF,1996,5
TCH,1928,28
NBO,1956,11
SGP,1952,7
BRA,2014,17
GAB,2004,5
CGO,1992,10
BDI,2012,6
ROU,1948,14
LBR,1988,11
GBR,1928,39
TUR,1984,11
YUG,1952,9
ALB,1992,9
ZIM,1928,2
ARU,2000,5
ARU,2004,4
ALB,1996,9
MDA,2000,35
MDA,2004,33
SRI,1996,11
ANG,1996,30
ITA,1904,1
ISL,1952,18
SRB,2008,97
ISL,2002,12
ISL,2006,12
ISL,2010,7
ISL,1992,15
ZIM,1996,21
ZIM,2000,26
NZL,1932,29
TPE,2014,5
NED,1936,19
USA,1896,27
JAM,1992,51
BEL,1972,3
BEL,1976,11
BEL,1992,7
BEL,1994,8
CRC,2000,9
PER,2004,14
GUA,2000,18
MKD,2012,4
SUR,1972,3
URU,1956,29
NED,1900,73
NED,2010,65
NED,1912,45
SWE,1900,27
FIN,1932,12
FIN,1936,36
LIE,1992,16
LIE,1996,2
ISV,1968,6
ANZ,1912,38
AUS,1928,29
POL,1980,39
GUA,1996,28
VEN,1998,1
VEN,2002,4
POL,1994,59
AUT,1932,33
SLE,2008,3
LUX,2008,19
GER,1896,94
AUT,1928,49
PAN,2008,5
CAY,1984,14
TOG,1984,6
RSA,1912,56
POL,2006,91
AHO,1988,4
PAR,1988,13
NEP,1996,6
FIJ,1992,36
IRL,1980,57
NEP,2000,5
CHI,1960,12
CHI,1964,16
PNG,2000,5
PNG,2004,6
PNG,2008,9
KEN,1998,1
KEN,2002,2
KEN,2006,1
SLO,1998,69
SLO,2002,96
INA,1960,27
TTO,1992,13
MGL,2014,2
FIJ,1996,21
VEN,1988,17
GEO,2012,36
SRI,1984,6
SRI,1988,9
SMR,1984,6
SMR,1984,31
LUX,1976,9
FSM,2004,5
GRE,1956,6
MLT,1928,9
MLT,1996,10
IOA,2012,4
STP,2008,4
STP,2016,3
CAF,2008,3
SEY,1984,15
GDR,1968,85
THA,2004,51
THA,1992,64
NED,1984,29
TJK,1996,8
GEQ,1984,5
GEQ,1988,7
MLT,1960,13
MLT,2012,5
ISL,1980,22
KGZ,2006,2
EST,2006,63
NED,1998,48
NED,2006,63
ESP,1992,45
MKD,1996,16
MKD,2000,15
CAF,2012,6
RSA,2006,9
MON,2006,10
SUR,1976,4
GAB,1992,5
CGO,2016,10
GAB,1988,2
CAF,2016,6
ALG,1992,8
TOG,2004,3
TOG,2008,4
GAB,1996,9
LAO,1980,19
SEN,2016,22
GAB,2000,6
AHO,1964,4
SGP,2000,23
SGP,2004,22
BEL,1964,11
VEN,1964,23
VEN,1968,30
PER,2016,34
SLO,2008,73
TUR,1948,10
AZE,2014,4
GER,1904,55
BRA,1924,18
MDA,2008,30
LUX,1980,4
NCA,2012,6
NZL,2010,22
NRU,2016,2
IRL,2000,76
FIN,1924,33
ROU,1972,23
UZB,1994,7
CRC,1996,13
CRC,2008,8
MNE,2008,20
MDA,2006,10
JAM,1964,32
AHO,1952,11
CRO,2014,25
PHI,1996,18
PHI,2000,22
PHI,2004,21
URU,2008,13
GRN,1996,5
NED,1948,15
NED,1952,23
NED,1956,16
NED,1960,13
BER,1992,29
BER,2000,7
POL,1948,44
JAM,1968,35
COK,2012,9
ASA,1992,3
ASA,1996,7
JAM,2002,2
ANT,1988,25
CRO,2010,37
PNG,1984,12
GBS,2016,5
TCH,1960,22
SMR,2008,4
LIE,1960,8
LIE,1964,9
LIE,1936,4
LIE,1948,2
LIE,1984,8
LIE,1992,18
LIE,1994,25
LIE,1998,19
LIE,2002,18
LIE,2006,12
LIE,2010,5
SUI,1956,76
MRI,2004,9
MDA,1998,4
MDA,2002,9
LAO,2016,5
ROU,1936,22
LIE,1972,10
VNM,1968,9
POL,1924,15
IND,1964,1
IND,1968,27
MNE,2014,3
FIJ,2004,9
FIJ,2008,6
SRI,1964,7
LTU,1928,4
SRB,2014,17
NEP,1924,1
BER,2012,8
GUA,1972,11
BIH,1992,13
BER,1984,13
AUS,1976,19
EST,1928,6
GUY,2004,4
GUY,2008,4
BAR,1968,13
IRL,1976,59
IRL,1988,78
TAN,1992,9
PUR,2000,38
RWA,1984,6
ZAM,1992,11
ZAM,2008,8
ZAM,1988,33
ZAM,2000,8
ISR,2014,6
RWA,2016,7
ANG,1980,17
TLS,2016,3
DOM,2000,13
ECU,1992,15
BAN,2012,7
CHN,1988,70
SGP,2008,36
CHN,2010,127
ECU,1996,28
ARG,1998,6
ECU,2004,18
BOL,1996,9
BOL,2008,7
ALB,2016,6
BAH,1976,19
FRA,1896,26
LUX,2012,11
MON,2002,7
BOL,2000,5
MOZ,2008,4
MOZ,2012,6
MLI,1996,4
MTN,2008,2
SEN,1968,24
MLI,1972,3
MLI,2000,5
MLI,2012,6
MLI,1988,8
MLI,1964,2
ZIM,1980,52
MDA,2014,5
CAN,1924,17
ARG,1900,1
PAN,1960,8
PAN,1964,15
AUS,1992,41
ISV,2014,2
ESA,1984,15
ESP,1900,12
ESP,1936,6
POR,1920,40
CHI,1976,11
PAR,2000,5
VIE,1996,6
SUI,1932,12
GBS,2004,3
ANG,1992,33
GEQ,2004,2
CRC,1984,7
PER,2010,5
PER,2014,5
SMR,1988,12
SMR,2006,1
SMR,2010,1
PER,1976,14
GUY,1992,7
DEN,1968,6
DEN,1964,5
LUX,2016,15
IRL,1952,25
AHO,1992,4
MEX,2002,3
ESP,2014,39
NCA,1972,10
PAN,2012,8
DOM,1968,24
NZL,1948,8
MLT,1992,8
CUB,1904,6
SMR,1980,16
SMR,1960,13
SMR,1972,7
MEX,1928,5
IRL,1984,55
ITA,1932,20
BEL,1952,15
BEL,1956,6
HON,2000,20
ESP,2010,35
HAI,2016,10
BOL,2016,12
HKG,1964,50
DOM,1980,7
HAI,1928,3
HAI,1932,3
FIN,2016,67
GAM,1984,16
LAT,2004,45
NCA,1984,5
ARG,1948,20
PRK,2000,47
NZL,1960,12
SGP,1956,52
HKG,1996,32
ISR,1998,3
ISR,2006,6
ECU,1988,15
CRC,1972,4
LIB,2014,3
HKG,2004,42
HKG,1976,50
TPE,1960,31
TPE,2016,67
TPE,1968,93
HKG,2000,46
HKG,1972,18
SGP,1972,12
CAM,2012,6
TPE,2000,75
TPE,2008,92
MAW,2008,4
INA,2008,26
TPE,1988,20
TPE,1992,123
TPE,2012,55
CHN,1948,33
TPE,2004,104
TPE,1964,96
TPE,1984,52
TPE,1984,20
TPE,1998,9
TPE,1992,11
TPE,1994,2
KOR,1972,11
TPE,1972,44
PRK,1992,36
PRK,1980,121
THA,1988,15
HAI,1976,14
HAI,1972,7
DJI,1984,3
THA,1996,58
VNM,1952,13
BIZ,1984,13
BIZ,1992,18
GUY,1948,7
PAN,1952,1
SGP,1976,4
TTO,1988,10
TPE,2002,6
TPE,1988,22
CHN,1992,74
CHN,1994,43
TPE,1956,23
TPE,1972,9
TPE,1976,11
SGP,2012,36
HKG,1984,87
GRN,2016,6
MYA,2000,7
UZB,1998,4
ARM,1998,7
HKG,1952,9
HKG,1956,4
HKG,1960,4
CAM,1972,17
BHU,1984,6
URU,1992,18
JPN,1984,75
ZAM,2004,6
BOT,1980,8
LIB,1952,9
TAN,1968,5
ZAM,1972,12
MAW,2000,2
MAW,2004,4
ZIM,1992,28
LAO,2008,4
ZAM,1984,18
MAW,1972,18
ZAM,2016,7
ZIM,1984,20
MAW,2016,5
MOZ,1984,14
GUM,2000,7
BHU,2012,2
BHU,2000,2
BHU,2004,2
PRK,2016,38
PRK,1996,36
PRK,2004,71
KOR,1952,22
PRK,1972,10
KOR,2014,130
KOR,1964,16
KOR,1960,20
KOR,1948,7
ZAM,1996,8
MRI,1988,11
ZAM,2012,7
LIB,1996,1
CAM,2016,6
MYA,1960,10
ANT,1976,17
VIE,2012,24
SGP,1968,6
VIE,1980,38
KGZ,2002,4
LUX,1936,129
AUT,1984,105
THA,2000,68
YUG,1920,15
PHI,1972,4
SEN,2000,32
CRO,1992,8
MRI,1992,22
BRA,2010,7
BAR,1976,17
BAH,1984,31
BAH,1996,36
LUX,1992,11
ISV,2016,7
GBR,1960,39
GRE,1932,16
HAI,2000,5
NZL,1928,13
AUS,1972,12
IVB,2000,1
BEL,1906,31
PNG,1976,9
GUM,2004,4
NZL,1992,10
NZL,1994,16
DEN,1948,2
DEN,1952,1
SLE,1968,4
MON,2010,6
ALB,2004,7
URU,2004,18
GAM,2012,2
BAH,1964,12
IRL,1932,18
GRN,1988,7
SKN,2004,2
SKN,2008,6
EGY,1906,5
CAF,2000,3
IRL,2006,5
BOL,1936,2
SGP,1960,5
SRI,1960,5
VIN,1992,8
BAH,1988,18
LBR,2000,10
BER,1964,4
ZIM,1960,10
HKG,1968,25
LBR,1996,7
SRI,2004,8
SRI,2012,8
PAN,2004,5
FRA,1904,2
POR,1912,8
HAI,1900,4
BIH,2006,9
NZL,2002,16
MLI,2016,6
MLI,1992,6
BEL,1984,9
MOZ,2004,4
ZIM,2012,9
IVB,2004,1
SMR,1994,3
MHL,2016,5
MHL,2008,5
ROU,1932,2
IVB,2014,1
MON,2016,8
SUR,1984,7
CPV,2008,2
PUR,1956,14
NCA,2000,6
CUB,1932,3
BAR,1996,22
POL,1932,22
POL,1936,32
STP,2012,2
STP,2004,2
PAR,1968,1
GBS,2008,3
GBS,2012,4
SUR,2004,4
NIG,1964,1
NIG,1968,2
NIG,1972,4
NZL,1988,19
AFG,1988,5
NAM,1992,10
KUW,1968,2
GBR,1904,6
MGL,1988,9
GAM,1988,6
MKD,2006,5
MKD,2010,4
MKD,2014,6
BEN,2000,4
HUN,1896,18
FSM,2008,5
FSM,2012,6
LBR,1984,10
GRE,2010,12
BEN,2008,5
MGL,1972,8
AHO,1996,7
AHO,2000,8
HUN,2006,32
BER,1960,9
VAN,1988,6
AHO,2008,4
KIR,2012,3
NZL,1920,6
BAH,1992,18
BAN,1984,2
VIE,1988,12
VIE,1992,10
NED,1964,12
PER,1900,2
BEL,2002,13
BEL,2006,8
SUI,1932,43
POR,1932,8
VEN,1992,27
BOL,2004,11
CRC,1936,1
BEL,1932,5
COL,1932,2
ARG,1928,10
ESA,1932,4
HUN,1904,9
RUS,1900,5
LUX,2004,14
SRI,1948,10
GUA,1980,10
VIN,2004,3
ARG,1976,16
NED,1928,11
ECU,1976,8
COL,1936,6
CAN,1928,31
BUL,1948,9
ECU,1972,4
BIH,1996,12
BHU,2008,2
TUR,1960,6
COL,2010,2
INA,1968,6
HAI,2012,5
NRU,2004,3
NRU,2008,1
NRU,2012,2
NRU,1996,3
HUN,1924,6
SRI,1980,4
NEP,2012,5
DMA,2014,1
SEN,1996,12
SEN,1964,14
GUI,1984,1
GUI,1996,5
MTN,1984,2
POR,2014,4
GUY,1964,1
MON,1996,4
MON,2004,3
MON,2008,5
GUI,2004,4
PAN,1988,9
CIV,1968,11
BLR,1994,74
MTN,2000,2
ESA,2000,10
ESA,2004,9
GRE,1904,17
GRE,2006,8
BUL,1960,15
MKD,1998,3
MKD,2002,4
PLW,2016,6
MLI,1980,7
MLI,1984,5
ARU,1992,5
ARU,1996,3
RWA,2004,5
RWA,2008,4
BOT,1992,6
JAM,2014,2
COM,2004,3
CHA,1984,3
SWZ,2004,3
SWZ,2008,4
SWZ,1992,10
SWZ,1984,11
SWZ,1988,15
CPV,2000,2
TJK,2000,4
SLE,1988,20
AND,1976,74
CHI,1948,11
MGL,1984,12
IRL,1998,10
IRL,2002,9
SUI,1912,7
BHU,1988,6
MGL,1980,10
AFG,1960,16
URU,1932,6
GUY,1996,9
LUX,1996,7
SLO,1994,59
VIE,2016,28
VIE,2008,18
VIE,2004,11
SCG,1998,2
SCG,2002,8
UGA,1968,14
GAM,1996,12
LTU,1992,13
LTU,1994,13
LTU,2006,14
CRO,2002,29
TJK,2002,2
TJK,2006,3
TJK,2010,4
CHI,1976,13
RSA,1908,33
BER,2016,8
DEN,2006,4
URU,1984,23
DMA,2016,2
ISV,2004,9
RWA,1988,8
RUS,1908,7
RSA,1960,4
UNK,1912,272
VEN,1932,1
BOH,1906,142
ISL,1956,24
ISL,1960,11
EST,2010,64
FIN,1968,95
LBA,2012,4
EGY,1956,6
MTN,2012,2
SUD,1992,7
SYR,1972,5
EGY,1984,3
CGO,1964,2
DEN,2014,15
PLW,2008,5
HUN,1984,16
HUN,1988,7
GEQ,2012,2
GEQ,2016,1
KOR,1968,14
BOH,1900,142
SMR,1992,8
MGL,2006,2
MGL,2010,2
NOR,1904,6
EST,2014,66
CHI,1952,7
TUV,2008,3
MEX,1900,3
AND,1988,4
AND,1994,13
AND,1998,7
GRE,1964,19
JAM,1956,13
SRI,1952,7
SRI,1956,3
UGA,1956,5
BER,1956,3
NZL,1972,6
ISL,1952,24
ASA,2012,4
ASA,1988,6
LIB,1976,2
EST,1928,23
MOZ,1992,7
TGA,1988,7
IRI,1996,18
NZL,1952,6
SOM,2012,2
JAM,1952,16
ARU,1988,12
BOL,1956,2
CHA,1988,6
HAI,1984,3
BIH,2000,11
BIH,2004,11
BIH,2012,8
LIE,1960,9
AHO,1976,4
GRN,1992,5
ESP,1984,25
ESP,2002,16
ESP,1980,15
ESP,1972,7
ESP,1976,11
CHI,1984,12
TGA,2016,7
AUS,1924,1
VAN,1992,8
SOL,2016,3
AUS,1896,5
LUX,1968,7
AUT,1908,13
PLW,2004,4
BIZ,2008,4
HON,1976,3
CUB,1900,2
AND,1980,9
TGA,2012,3
CAY,2008,6
CAY,2012,7
CYP,1994,1
NFL,1904,1
SMR,1968,4
IVB,1984,2
AZE,2002,4
AZE,2006,2
CAY,2004,8
LIE,1936,8
LIE,1980,17
LIE,1984,19
JPN,1924,37
LIB,2002,3
CPV,2004,3
IND,1924,24
DMA,2012,2
BDI,2004,7
GAM,2000,2
AUS,1904,6
BDI,2016,10
ARM,2014,6
CAM,1956,2
BIZ,1996,5
SRB,2010,15
MHL,2012,4
BOT,1988,11
AND,1980,3
AND,1984,2
BDI,1996,7
SAM,1996,5
CRO,1998,13
LIE,1964,12
ARG,2010,20
UZB,2014,5
LIB,1948,3
LIB,1952,3
LIB,1956,8
LIB,1960,5
LIE,2000,2
LIE,2004,1
LIE,2008,2
NAM,2000,16
LCA,2004,2
TAN,2012,6
AFG,1996,2
MDA,1994,4
UZB,2010,5
SMR,2002,1
LUX,1988,3
LUX,1992,5
LUX,1994,5
RWA,2000,5
KOS,2016,8
AHO,2004,3
STP,2000,2
TLS,2014,1
TTO,1948,9
PHI,1928,6
PAN,1928,2
CAN,1900,7
NZL,1984,9
MLT,1968,1
CHI,1998,6
SUI,1906,45
BOL,1976,5
PAR,1972,3
SEN,1984,2
SEN,1994,1
SMR,2012,4
SRI,1972,6
NEP,1984,10
NEP,1964,6
ISL,2016,14
AND,2010,20
AND,2014,12
ISL,1936,13
BEL,2010,10
ERI,2004,5
LIB,2008,6
TGA,1984,7
SOL,2008,3
LIE,2014,5
ISV,2012,9
SWZ,2012,3
ISL,1912,2
PRK,1972,83
PRK,1984,17
PRK,1988,15
PRK,2006,7
PRK,1998,17
HKG,2006,3
HKG,2010,3
FIN,1972,83
INA,1976,11
FIN,1984,80
COK,2004,3
IVB,2008,2
IVB,2016,4
RSA,1904,8
JAM,1998,6
TTO,1994,2
TTO,1998,2
LIE,1952,2
SSD,2016,3
LIE,2012,4
LIE,2016,3
JPN,1920,26
BDI,2000,6
TGA,2004,5
TGA,1996,5
NZL,1924,6
RSA,1998,3
RSA,2002,4
COK,2008,4
LUX,1928,5
EST,1992,51
CAM,2008,4
CAM,2000,4
CAM,2004,4
CAM,1996,5
LIB,1980,7
ARU,2012,4
COL,1900,1
LCA,2000,5
EST,1920,20
AUT,1896,8
TAN,1996,7
BUR,1992,4
SOL,2000,2
EST,1936,9
TAN,2016,7
ISL,1988,6
IVB,1992,4
MYA,1968,4
LES,1980,7
VNM,1972,2
VNM,1964,23
VEN,2006,1
HAI,1992,8
KOR,1980,24
URU,1998,1
LBR,1972,5
MYA,1996,3
MYA,2016,8
GRN,2000,3
GUY,1956,6
DMA,2008,2
MDV,2008,4
ESA,1992,6
MKD,2004,14
SOM,2008,2
CHA,1964,2
CHA,1968,4
NIG,1992,3
GUM,2016,5
BOL,1964,1
LAO,2012,3
IND,2014,2
RWA,1996,4
MDV,2016,4
SAM,2000,5
GAM,2008,3
VAN,1996,4
LUX,1932,11
MLT,1948,1
ISL,1956,14
SLE,2016,4
GAM,1992,8
BIZ,2016,3
KOR,1956,10
ECU,1924,4
SRI,2008,9
JOR,1980,6
DEN,1896,15
CHN,1988,15
ISL,1980,12
ISL,1976,16
LBR,1956,11
LBR,1960,6
LBR,1964,2
BIZ,2000,2
MOZ,1996,3
ISL,1908,1
DMA,2004,2
BHU,1992,12
BHU,1996,2
ASA,2016,4
BUR,1996,5
BUR,1988,9
YUG,1924,7
IRI,2002,2
IRI,2010,7
ZAM,1968,7
COD,2000,3
MTN,2004,2
COD,2016,4
VAN,2004,2
VAN,2008,3
JPN,1912,4
VAN,2000,3
EST,1932,3
BUL,1932,2
PNG,2012,8
PAK,2014,1
BIH,2010,10
BIH,2014,14
BHU,2016,2
SRI,1968,3
KIR,2008,2
KIR,2016,3
COK,1988,8
COD,2012,4
LES,2000,6
SUI,1904,7
COD,2008,5
CMR,1992,12
SOL,2004,2
AUS,1936,3
JAM,2010,1
IND,1998,1
IND,2002,1
IND,2010,3
IOA,2014,1
LAO,2000,3
LIB,1972,2
ARM,2010,6
NEP,2002,2
LBA,1968,1
LAO,1992,7
LES,1988,6
NEP,1972,2
ALG,2010,1
MYA,1988,3
MYA,1992,5
CYP,2002,2
CYP,2006,2
TTO,1952,2
ASA,1994,2
NIG,1996,3
CRC,1980,3
CRC,2002,2
CRC,2006,1
CAY,1976,2
BRA,1900,3
PRK,2010,3
LES,1996,11
BUR,2012,5
BUR,2016,5
LUX,1936,5
TGA,1992,5
CMR,1976,4
SUR,2016,6
MNE,2010,2
ALB,1972,5
TGA,2000,3
RSA,2010,2
LBR,2016,3
ISR,1956,3
SCG,2006,11
SOL,2012,4
THA,1952,15
PAN,1948,2
ALG,1968,9
NCA,2016,5
HAI,1960,1
MON,1984,2
ASA,2004,3
MAR,2014,4
BEL,1980,6
AUS,1900,6
TUV,2012,3
MYA,1984,1
ALG,1964,7
ARG,1972,6
VNM,1956,10
LES,2008,5
LES,2004,3
KOR,1976,9
LES,2012,4
LES,2016,9
MYA,2008,7
BUL,1928,10
GRE,1952,6
AUT,1904,7
VEN,1948,2
FIJ,1968,1
BRU,2012,3
NZL,1900,1
CHI,1988,16
CHI,1992,12
CHI,1994,7
CHN,1932,2
AND,1984,6
TGA,2008,3
CPV,2012,3
UGA,1992,9
HKG,2014,1
ALB,2000,5
VIE,2000,7
TPE,2006,1
TPE,2010,1
SWZ,1972,4
IRL,1992,4
VAN,2016,4
LIB,1988,9
MYA,1952,5
SWZ,1996,6
UZB,2002,6
IRI,1900,1
NEP,1976,1
PAR,2014,1
POR,1998,2
BIZ,2012,3
PHI,2014,1
ARU,2016,7
GUA,1932,1
SWZ,2016,2
MYA,1948,5
GRE,1948,2
LUX,2006,1
CAF,1968,1
GAB,1972,1
GEQ,2008,3
CAY,2000,4
ALB,2014,2
POR,1994,4
CMR,2002,2
PUR,1980,3
GRE,1900,4
RSA,1994,3
SMR,2014,2
SRB,1912,2
FSM,2000,5
IRI,2006,3
ASA,2000,4
GAB,1984,4
TUR,1912,7
FIJ,1960,3
SOM,2016,2
LES,1992,8
LES,1984,5
SUR,1968,1
GUY,1952,1
FIJ,1976,5
LES,1972,2
MAW,1996,2
RWA,1992,10
BRA,1994,1
MAW,1992,4
BER,2010,1
BER,2014,1
KIR,2004,3
CHA,2000,3
CHA,2004,1
THA,2002,2
THA,2006,1
FIJ,2000,9
MYA,2004,2
TLS,2012,2
YUG,1932,1
CHA,2008,2
CHA,2012,2
GRE,1936,2
PHI,1924,2
MKD,2008,7
SUR,2008,4
SUR,2012,5
RUS,1924,3
BUR,2008,6
BDI,2008,3
GAM,2004,3
CMR,1964,2
GHA,2010,1
LTU,2010,13
COK,1992,2
COK,1996,3
HUN,1932,4
BUR,2004,5
BUR,2000,4
BUL,1972,12
NED,1956,23
CYP,2014,2
CYP,2010,4
TUR,1906,2
VEN,2014,1
BEL,1988,1
CRO,1994,11
BER,1994,1
MLT,2014,2
NRU,2000,2
SMR,2016,4
LUX,2014,1
VNM,1960,5
BIZ,1972,2
BIZ,1976,4
ROU,1900,1
LAT,1924,7
IND,1900,5
TJK,2014,1
MAD,1964,4
MAD,1992,17
LIB,1976,1
MAD,1996,14
MAD,1968,6
MAD,2006,2
HUN,1976,3
HUN,1980,2
HKG,2002,5
ISR,2010,4
KGZ,2010,3
ITA,1896,1
ARG,1920,1
FIJ,1988,1
FIJ,1994,1
NEP,1992,2
ARU,2008,2
KGZ,1994,2
LAT,1928,3
TUR,1932,2
LAO,1988,3
MYA,1980,2
LUX,1998,1
MON,1932,1
SEN,2006,3
SEN,2010,2
SLE,2012,2
IRI,1998,1
NEP,2006,1
NEP,2010,1
NEP,2014,1
ISR,1994,1
SYR,1948,1
POR,2006,1
POR,2010,1
POR,1952,1
MAW,2012,3
BER,1998,1
BER,2002,1
BER,2006,1
SWE,1896,5
FIJ,1972,4
ZIM,2014,2
DEN,1960,3
JAM,1994,6
THA,2014,3
INA,1952,3
COK,2000,2
ETH,2006,1
ETH,2010,1
LUX,1900,1
LBR,2004,2
FIJ,2002,2
KGZ,2014,2
TUV,2016,1
ALB,2006,3
ALB,2010,2
DOM,1964,1
ARG,1908,1
CAY,2010,1
CAY,2014,2
KGZ,1998,2
PUR,1984,1
SGP,1948,1
CYP,1998,1
BEL,1998,3
MEX,1984,3
MEX,1994,1
MEX,2010,2
MEX,2014,1
SUI,1908,1
POL,1912,1
CHN,1952,1
TLS,2008,1
TUR,1994,1
